{
    "data": {
        "x": 4381646247.0,
        "I": [
            -0.016679719276726245,
            -0.01449279859662056,
            -0.01563987098634243,
            -0.008242585510015488,
            -0.01351250782608986,
            -0.014566313475370407,
            -0.013690583966672422,
            -0.011558869667351247,
            -0.01782616153359413,
            -0.01585598774254322,
            -0.013133301958441736,
            -0.014964870363473893,
            -0.014265073835849762,
            -0.010558149591088296,
            -0.013572682812809945,
            -0.017751798033714294,
            -0.01633578483015299,
            -0.013491278514266014,
            -0.014033381827175617,
            -0.018327540159225466,
            -0.014819978363811971,
            -0.012084173411130905,
            -0.013388563692569733,
            -0.01469682026654482,
            -0.017277592420578004,
            -0.017585145868360998,
            -0.018460845202207567,
            -0.016918753646314146,
            -0.013286816701292992,
            -0.016480438970029355,
            -0.01577223986387253,
            -0.019428092800080777,
            -0.018476548045873644,
            -0.01775558162480593,
            -0.015847423486411574,
            -0.015013284236192704,
            -0.013559995777904989,
            -0.013788241147994996,
            -0.016663911938667297,
            -0.014523236267268659,
            -0.017819920741021632,
            -0.017746006511151793,
            -0.01486291028559208,
            -0.016573434695601463,
            -0.013277731463313104,
            -0.011592153832316399,
            -0.01110441666096449,
            -0.014895410649478436,
            -0.011110016703605653,
            -0.014744145423173906,
            -0.011153454147279264,
            -0.010921570099890233,
            -0.012801226787269117,
            -0.00959415640681982,
            -0.010030227713286877,
            -0.012878826633095742,
            -0.013600796647369863,
            -0.011803379841148855,
            -0.010259875655174257,
            -0.014588195644319058,
            -0.007775825448334217,
            -0.012878049910068513,
            -0.014625025540590288,
            -0.008138308115303517,
            -0.011497951671481134,
            -0.011168301105499268,
            -0.007758663780987263,
            -0.01242616642266512,
            -0.013903219252824783,
            -0.010762498155236245,
            -0.007024405896663666,
            -0.010110092163085938,
            -0.008850966207683086,
            -0.01288076899945736,
            -0.015588060393929482,
            -0.013466687500476839,
            -0.012729773856699468,
            -0.009484206885099412,
            -0.01185660306364298,
            -0.010249558836221695,
            -0.00896949004381895,
            -0.007811179384589195,
            -0.010560276359319687,
            -0.014444583840668202,
            -0.011861984431743623,
            -0.012443965673446656,
            -0.010667030699551105,
            -0.008288514986634255,
            -0.008005328103899955,
            -0.013661932572722435,
            -0.013945086859166622,
            -0.011804217100143434,
            -0.014306194707751275,
            -0.015528046526014805,
            -0.014520970918238164,
            -0.015200546756386758,
            -0.014038207940757275,
            -0.013515633903443814,
            -0.00993624497205019,
            -0.012404389306902887,
            -0.013067390769720078,
            -0.015813207626342776,
            -0.014587159268558025,
            -0.014618950523436071,
            -0.0155956843867898,
            -0.020208564400672913,
            -0.017755337245762347,
            -0.02046718392521143,
            -0.016845752857625487,
            -0.01591413337737322,
            -0.01202913671731949,
            -0.009776286780834198,
            -0.020445873215794566,
            -0.017991363257169723,
            -0.01317932028323412,
            -0.011137106269598008,
            -0.012536043487489225,
            -0.013566017523407936,
            -0.016786227375268938,
            -0.02066972050815821
        ],