{
    "data": {
        "x": 4381096247.0,
        "I": [
            -0.01580719527602196,
            -0.015675521090626716,
            -0.015918470546603204,
            -0.01620368118956685,
            -0.015655342780053615,
            -0.0158799230158329,
            -0.016107965897768736,
            -0.015466973043978215,
            -0.015874738357961177,
            -0.01572499254718423,
            -0.015824906259775163,
            -0.015862474855035544,
            -0.01570536269247532,
            -0.015932709217071534,
            -0.015356022249907255,
            -0.015953202147036792,
            -0.015983584094792606,
            -0.014592335980385542,
            -0.015060088515281678,
            -0.015640786968171595,
            -0.015178712036460639,
            -0.01542073668912053,
            -0.014880068093538285,
            -0.015252617731690407,
            -0.01474808369576931,
            -0.015326188851147891,
            -0.015258983958512546,
            -0.015171265624463559,
            -0.01473815705627203,
            -0.015006474364548921,
            -0.014977908469736576,
            -0.015140277121216059,
            -0.01487381311878562,
            -0.015126119565218688,
            -0.015021959878504276,
            -0.015086635377258063,
            -0.015064522087574006,
            -0.015128820914775134,
            -0.014794936385005713,
            -0.014811274629086256,
            -0.013947759050875903,
            -0.013347873896360397,
            -0.013097518410533667,
            -0.012728672318160534,
            -0.012215792678296566,
            -0.011416265588253737,
            -0.011561939503997564,
            -0.010992982175201178,
            -0.01137000334635377,
            -0.011686468947678805,
            -0.011021265752613545,
            -0.011460875775665045,
            -0.011366802543401718,
            -0.01228530079498887,
            -0.011987441170960665,
            -0.012056951574981213,
            -0.012690538618713618,
            -0.01306207698583603,
            -0.013947451412677765,
            -0.014021740052849055,
            -0.013892617385834456,
            -0.014820117887109518,
            -0.015109628327190877,
            -0.014656786922365427,
            -0.015156320508569479,
            -0.0154216374643147,
            -0.015781092450022696,
            -0.015249148707836866,
            -0.01545130392163992,
            -0.015476381205022335,
            -0.015577547322958707,
            -0.015367483288049698,
            -0.01568421095982194,
            -0.01579377741739154,
            -0.01540806481614709,
            -0.015939409770071508,
            -0.015464955300092698,
            -0.015516050338745117,
            -0.015595679819583893,
            -0.016001217927783726,
            -0.01576397258415818,
            -0.015161219857633114,
            -0.016226922396570444,
            -0.01585287020355463,
            -0.015713468596339226,
            -0.015826811704784633,
            -0.015920859102159738,
            -0.015834605619311333,
            -0.016600441571325064,
            -0.015841520495712757,
            -0.015270160775631666,
            -0.01549388761818409,
            -0.015945840299129488,
            -0.0162654132694006,
            -0.016234080106019975,
            -0.015523703932762147,
            -0.0157900248542428,
            -0.01521140033006668,
            -0.015923336133360864,
            -0.016119132887572052
        ],
        "Q": [
            -0.009485974919050932,
            -0.00955013132095337,
            -0.009384052995592355,
            -0.009141939260065556,
            -0.009392525546252728,
            -0.009500880241394043,
            -0.009448513455688954,
            -0.009042933072894811,
            -0.009380340963602067,
            -0.009340322472155094,
            -0.009488500524312257,
            -0.009111681204289198,
            -0.009315727062523366,
            -0.00952409216016531,
            -0.009197870396077633,
            -0.00905502402037382,
            -0.009682150930166245,
            -0.00878443866595626,
            -0.009233750697225332,
            -0.009035052508115768,
            -0.009180958900600672,
            -0.009171913579106331,
            -0.009108241908252239,
            -0.009532155748456717,
            -0.008645216509699821,
            -0.009566251140087844,
            -0.00916984798014164,
            -0.009156846396625042,
            -0.009370785247534513,
            -0.008941369868814945,
            -0.008979410789906979,
            -0.008998125120997428,
            -0.00908223968744278,
            -0.008981416493654252,
            -0.009284792099148035,
            -0.009192104414105416,
            -0.008973977278918029,
            -0.009099984224885702,
            -0.009225793734192848,
            -0.008970622420310975,
            -0.008694152340292931,
            -0.008348916079849006,
            -0.00886366605386138,
            -0.00836412125080824,
            -0.008055041067302227,
            -0.0075637948997318745,
            -0.008540522903203965,
            -0.007884785104542972,
            -0.007946928042918444,
            -0.008410358782857657,
            -0.0076475351676344875,
            -0.007808314587920904,
            -0.007507207538932562,
            -0.00852814406901598,
            -0.007965636428445578,
            -0.008289123978465795,
            -0.008544031728059053,
            -0.008738323651254177,
            -0.00874444568902254,
            -0.00905946633592248,
            -0.009044351100921631,
            -0.008998072907328606,
            -0.0090427091345191,
            -0.008965342931449414,
            -0.009377543680369855,
            -0.008920020196586848,
            -0.009040725216269493,
            -0.009089335318654777,
            -0.009502068839967251,
            -0.009442113991826774,
            -0.00943914244696498,
            -0.009090266529470682,
            -0.00922196675464511,
            -0.009182450208812953,
            -0.009129941027611494,
            -0.009465150624513627,
            -0.009404979318380356,
            -0.009378771904855967,
            -0.009197357423603536,
            -0.00965899458527565,
            -0.009037476267665625,
            -0.009087898302823305,
            -0.00962675441801548,
            -0.00926289952546358,
            -0.00943078587576747,
            -0.009260128751397133,
            -0.0094237378872931,
            -0.010131801288574934,
            -0.009517575461417438,
            -0.009409718122333289,
            -0.009074805341660977,
            -0.009185815308243037,
            -0.00958370652794838,
            -0.009463432479649782,
            -0.009086208891123533,
            -0.00910120789706707,
            -0.009065954513847828,
            -0.009253840055316686,
            -0.009211762104183436,
            -0.00938740685209632
        ],