{
    "data": {
        "x": 4381346697.0,
        "I": [
            -0.015777582604438067,
            -0.015016714729368687,
            -0.01601627601310611,
            -0.016005276035517456,
            -0.015870680768042805,
            -0.015425485003739596,
            -0.015412842355668544,
            -0.015904742028564216,
            -0.015780808698385954,
            -0.015723785281181336,
            -0.015426153924316168,
            -0.015788295030593872,
            -0.015639912500977515,
            -0.015341877922415734,
            -0.015878351598978043,
            -0.015569900341331959,
            -0.015714623022824527,
            -0.015888891141861677,
            -0.015226338028907776,
            -0.015633896913379432,
            -0.015474920760840179,
            -0.015745898075401783,
            -0.014778329025954008,
            -0.015281595144420863,
            -0.015371955152601004,
            -0.01557805136218667,
            -0.015973131150007248,
            -0.015277555171400309,
            -0.015475770376622677,
            -0.015251571074128152,
            -0.014987394113093615,
            -0.015724977612495424,
            -0.015835666570812465,
            -0.016396109554916622,
            -0.01580079971626401,
            -0.01600738399475813,
            -0.015808180529624224,
            -0.015507040113210678,
            -0.015527263954281808,
            -0.015545832864940167,
            -0.015530022781342268,
            -0.01564119775593281,
            -0.015485922936350108,
            -0.01587542760744691,
            -0.015022663582116366,
            -0.015274482864886522,
            -0.014570234369486571,
            -0.01427007780969143,
            -0.013713233642280102,
            -0.014355936884880066,
            -0.012290100745856762,
            -0.01331394735723734,
            -0.013994105797261,
            -0.01395544381812215,
            -0.015007874816656113,
            -0.015498793054372073,
            -0.01570665654540062,
            -0.0156571551784873,
            -0.015162710063159467,
            -0.015484255239367485,
            -0.015308472465723753,
            -0.015642894614487885,
            -0.015633851014077663,
            -0.015486665811389685,
            -0.01570949760451913,
            -0.014688838068395854,
            -0.015264994516968727,
            -0.015676364742219447,
            -0.016110142167657614,
            -0.01595383446291089,
            -0.015228448703885079,
            -0.015550394460558892,
            -0.01571126062422991,
            -0.01607024934142828,
            -0.015473267618566752,
            -0.015638741340488194,
            -0.015857074920088053,
            -0.015458185523748398,
            -0.01578524576872587,
            -0.01565575249865651,
            -0.015746896501630546,
            -0.016007066041231154,
            -0.015123285356909037,
            -0.015015277903527021,
            -0.015255138259381056,
            -0.015644238095730543,
            -0.015552297830581666,
            -0.015188463371247053,
            -0.014734768312424422,
            -0.01579388255625963,
            -0.015480228453874588,
            -0.015488326366990804,
            -0.01557033808529377,
            -0.015590402822941543,
            -0.01602564598619938,
            -0.016257863111793995,
            -0.015460482440888882,
            -0.015464587941765785,
            -0.015663019850850106,
            -0.016097330048680306,
            -0.01574145868048072,
            -0.015408437013626099
        ],
        "Q": [
            -0.009454150050878525,
            -0.0092265260592103,
            -0.009590813901275396,
            -0.009526132505387069,
            -0.009125158343464137,
            -0.009217241909354926,
            -0.009414909917861224,
            -0.009780521091073751,
            -0.009767028942704202,
            -0.009314593840390444,
            -0.009359482105821371,
            -0.009473485022783279,
            -0.009104881096631288,
            -0.009409790251404046,
            -0.00950774710252881,
            -0.00919302573800087,
            -0.009340630982071161,
            -0.009078591749072076,
            -0.009631830129772425,
            -0.00911230355128646,
            -0.009295522723346949,
            -0.009612444076687097,
            -0.009088817305862903,
            -0.009252874843776225,
            -0.009535370871424675,
            -0.009649783119559288,
            -0.009547115869820119,
            -0.009307461153715849,
            -0.009682232223451138,
            -0.009073921862989665,
            -0.009092170365154743,
            -0.00943045574426651,
            -0.009471117418259383,
            -0.009982263199985027,
            -0.009190935499966144,
            -0.009461579777300357,
            -0.009335009206086398,
            -0.009110734757035971,
            -0.009609087225049735,
            -0.009642421413213014,
            -0.009592644397169352,
            -0.009534736953675746,
            -0.009364015966653825,
            -0.009734248448163271,
            -0.009223751667886972,
            -0.00965713792666793,
            -0.009383523851633073,
            -0.009393259186297655,
            -0.009263674281537532,
            -0.009373970933258534,
            -0.008789243187755346,
            -0.008310602318495511,
            -0.009384317945688963,
            -0.009219416823238135,
            -0.009649558015167713,
            -0.009285017091780902,
            -0.009179012276232242,
            -0.00953325416520238,
            -0.009439213417470456,
            -0.009305983316153288,
            -0.009435861963778734,
            -0.00956101942807436,
            -0.009253639563918115,
            -0.009128644485026599,
            -0.00963258459419012,
            -0.009267790548503399,
            -0.009425773687660694,
            -0.009358776729553937,
            -0.009852200370281936,
            -0.009735079802572728,
            -0.00939406068623066,
            -0.009633631110191346,
            -0.009516293909400701,
            -0.009484403368085623,
            -0.009180934086441994,
            -0.009589452471584083,
            -0.009391066644340754,
            -0.009651962880045176,
            -0.00937403343617916,
            -0.008983415316790342,
            -0.009750655855983496,
            -0.009563140571117401,
            -0.00924061271175742,
            -0.00910046485438943,
            -0.009445231441408396,
            -0.009357047241181136,
            -0.00945744425803423,
            -0.008996710028499366,
            -0.00924803615733981,
            -0.009287296589463949,
            -0.0094195822365582,
            -0.009293957818299533,
            -0.009218855187296867,
            -0.009341186411678791,
            -0.009094458155333995,
            -0.00965279433131218,
            -0.010044485058635474,
            -0.00935398056358099,
            -0.009634893205016851,
            -0.009660159859806299,
            -0.009568499647080899,
            -0.009163050957024098
        ],