{
    "data": {
        "x": 4381396247.0,
        "I": [
            -0.015151245754212141,
            -0.015257995203137397,
            -0.015149786714464427,
            -0.014667541943490505,
            -0.014980405762791634,
            -0.01535973685234785,
            -0.015122402336448432,
            -0.015130639117211103,
            -0.015399619203060867,
            -0.014957867231220008,
            -0.01525993201509118,
            -0.014961359690874816,
            -0.015394728813320399,
            -0.015143550425767899,
            -0.015236484106630086,
            -0.014911317218095065,
            -0.015581979088485241,
            -0.015211108647286892,
            -0.01503361987322569,
            -0.015225414730608464,
            -0.014778621684759855,
            -0.015035307299345732,
            -0.014838013906031847,
            -0.015827447567135097,
            -0.015556272752583027,
            -0.015054002720862627,
            -0.014976407624781132,
            -0.015052400350570679,
            -0.014763789158314467,
            -0.015080634374171497,
            -0.015101175885647536,
            -0.015148139830678701,
            -0.015337343569844961,
            -0.015249404665082693,
            -0.015996461480855942,
            -0.015414893321692944,
            -0.01509312641993165,
            -0.015360794179141522,
            -0.014534539487212896,
            -0.013923836696892978,
            -0.013237211722880601,
            -0.012758608493953943,
            -0.0129020335637033,
            -0.012444802794605494,
            -0.012137681353837252,
            -0.011749754462391139,
            -0.01137487731873989,
            -0.011175327226519585,
            -0.011514127019792795,
            -0.011100754104554654,
            -0.010286253280937671,
            -0.011235562462359667,
            -0.011463271912187338,
            -0.011851952701807023,
            -0.01222155038639903,
            -0.012294518824666738,
            -0.013540436167269946,
            -0.012629605397582054,
            -0.013606037840247154,
            -0.013230656068772079,
            -0.013660803575068712,
            -0.013801511097699405,
            -0.014136741299182177,
            -0.01411325926333666,
            -0.015072934806346893,
            -0.014779198471456766,
            -0.014010962288826704,
            -0.01488739214092493,
            -0.014783795528113841,
            -0.015064432978630067,
            -0.015010294623672963,
            -0.015028269480913879,
            -0.014883516930043698,
            -0.014854353364557028,
            -0.015226187523454428,
            -0.015102176055312158,
            -0.014803219251334668,
            -0.014509646736085416,
            -0.01484429558739066,
            -0.015847623437643052,
            -0.01475564145669341,
            -0.014671667698770761,
            -0.014979984510689975,
            -0.015187059823423624,
            -0.015095414221286773,
            -0.015461091510951519,
            -0.014990582998842001,
            -0.014841030910611152,
            -0.014840524852275848,
            -0.015179426159709693,
            -0.01570034457743168,
            -0.01587702326849103,
            -0.01502304082736373,
            -0.014956107158213855,
            -0.01582797984406352,
            -0.015185551632195711,
            -0.014958051640540362,
            -0.014914474833756686,
            -0.015264463771134615,
            -0.014845673404633998
        ],
        "Q": [
            -0.009403188690543175,
            -0.009358841218054295,
            -0.00940607288107276,
            -0.009188112165778875,
            -0.009549152184277774,
            -0.00945250179246068,
            -0.009429606053978206,
            -0.009456347055733205,
            -0.009132586732506753,
            -0.00952199436351657,
            -0.009182141449302435,
            -0.008996815737336874,
            -0.00950673908367753,
            -0.009234379280358553,
            -0.009420655369758606,
            -0.00947814828902483,
            -0.00969562529027462,
            -0.009696937642991543,
            -0.009299999561160803,
            -0.009503922253847122,
            -0.009297791235148907,
            -0.009388184435665607,
            -0.009740540005266666,
            -0.009488219279795885,
            -0.009526123765856027,
            -0.009389133729040622,
            -0.009398912724107504,
            -0.009406196221709252,
            -0.009379668023437262,
            -0.009419416215270758,
            -0.009641328848898411,
            -0.009310386050492525,
            -0.009156456436961889,
            -0.009629008054733277,
            -0.009346836596727371,
            -0.009585405707359313,
            -0.009365709759294986,
            -0.009563458040356637,
            -0.009334499675780535,
            -0.008792443290352822,
            -0.008904640849679709,
            -0.009219148512929678,
            -0.008845096193253995,
            -0.008858038261532784,
            -0.008274594485759736,
            -0.008584114756435156,
            -0.00804901809617877,
            -0.007802770785987377,
            -0.008116012543439865,
            -0.008197233024984598,
            -0.008000930160284043,
            -0.007948043163865805,
            -0.008147285409271718,
            -0.008584593407809735,
            -0.008546868581324816,
            -0.00870614655688405,
            -0.009078841723501683,
            -0.008679043807089329,
            -0.008879662770777941,
            -0.009124525804072619,
            -0.009143930044025183,
            -0.008788179945200682,
            -0.00897392525151372,
            -0.008817116133868694,
            -0.009234582882374526,
            -0.009080961920320988,
            -0.008902809701859951,
            -0.009643541231751443,
            -0.009506073839962482,
            -0.009879844348877669,
            -0.009299047697335482,
            -0.00922951851040125,
            -0.009176121588796377,
            -0.009635100815445184,
            -0.0093806118555367,
            -0.009691041257232427,
            -0.00932541398704052,
            -0.009203748051077128,
            -0.009465119522064925,
            -0.00971690795943141,
            -0.00929516215249896,
            -0.009016546238213777,
            -0.009151383187621832,
            -0.009741968508809805,
            -0.00959290635958314,
            -0.00932903441786766,
            -0.009676694132387639,
            -0.009607617150992155,
            -0.009666070856153966,
            -0.0093195811919868,
            -0.00958721387386322,
            -0.009283901002258062,
            -0.009472743477672338,
            -0.009338534995913505,
            -0.009409955106675624,
            -0.00933122117817402,
            -0.009435897525399924,
            -0.009665307950228453,
            -0.009589422557502985,
            -0.009221827246248723
        ],