{
    "data": {
        "x": 4381396247.0,
        "I": [
            -0.014428085543215275,
            -0.014557987906038761,
            -0.014824644953012467,
            -0.013548693638294935,
            -0.013593918945640326,
            -0.013993226483464242,
            -0.013070164240896702,
            -0.012699779391288758,
            -0.01264957033842802,
            -0.011754419222474098,
            -0.011230777245014907,
            -0.011407378863543273,
            -0.012439071800559759,
            -0.012721541438251735,
            -0.013842312026768923,
            -0.014103784669190645,
            -0.014052377872169019,
            -0.01469690266251564,
            -0.01471310681477189,
            -0.014362630132585765
        ],
        "Q": [
            -0.009556280083954335,
            -0.009439328860491515,
            -0.009640716638416051,
            -0.0089160026460886,
            -0.008910529378801584,
            -0.009301255002617836,
            -0.008969188559800386,
            -0.008577174190431833,
            -0.0083273789845407,
            -0.008723040848970413,
            -0.008534382168203592,
            -0.008171666510403157,
            -0.008623452086001635,
            -0.008872940380126239,
            -0.008989730589091778,
            -0.00900356449559331,
            -0.009311738375574351,
            -0.009507383350282908,
            -0.0093546661734581,
            -0.009076288491487504
        ],
        "state": [
            0.461,
            0.464,
            0.456,
            0.495,
            0.498,
            0.488,
            0.518,
            0.54,
            0.553,
            0.601,
            0.621,
            0.604,
            0.551,
            0.531,
            0.489,
            0.47000000000000003,
            0.481,
            0.454,
            0.445,
            0.451
        ]
    },
    "metadata": {
        "n_avg": 1000
    },
    "args": {
        "qubit4": {
            "qubit": {
                "IQ_input": {
                    "I": 3,
                    "Q": 4
                },
                "IQ_bias": {
                    "I": -0.018780838815789482,
                    "Q": -0.0589124177631579
                },
                "qubit_correction_matrix": [
                    1.0010660959684614,
                    0.04831948818439604,
                    0.04808810994887618,
                    1.0058827732545965
                ],
                "qubit_LO": 4500000000.0,
                "qubit_freq": 4381396247.0,
                "pi_pulse_length": 40,
                "pi_pulse_amplitude": 0.0101404,
                "saturation_length": 50000,
                "saturation_amplitude": 0.000511,
                "resonator_spec_pulse_length": 400,
                "resonator_spec_pulse_amplitude": 0.4,
                "qubit_anharmonicity": -200000000.0,
                "T1": 31000.0,
                "T2": 14700,
                "thermalization_time": 3000
            },
            "resonator": {
                "IQ_input": {
                    "I": 1,
                    "Q": 2
                },
                "IQ_bias": {
                    "I": -0.00412212171052633,
                    "Q": 0.022193667763157888
                },
                "resonator_correction_matrix": [
                    0.9702110768983646,
                    -0.06546164195563983,
                    -0.06081467354520861,
                    1.0443468070268112
                ],
                "resonator_LO": 7100000000.0,
                "resonator_freq": 6979130000.0,
                "readout_pulse_length": 1984,
                "readout_pulse_amplitude": 0.055,
                "time_of_flight": 624,
                "smearing": 0,
                "rotation_angle": 254.71075986210934,
                "threshold": -0.014421726098978332,
                "fidelity_matrix": [
                    1,
                    0,
                    0,
                    1
                ]
            },
            "else": {
                "const_length": 1000,
                "const_amplitude": 0.01
            }
        }
    }
}