{
    "data": {
        "x": 4381396247.0,
        "I": [
            -0.015803486243635416,
            -0.01565926504135132,
            -0.01554757084324956,
            -0.01559340383410454,
            -0.01559142905548215,
            -0.01574331927970052,
            -0.015339997556060553,
            -0.01550315000191331,
            -0.01546213662326336,
            -0.015671012028306723,
            -0.015728084150701763,
            -0.015575466386973859,
            -0.015556995314359666,
            -0.015519393239915372,
            -0.015611537190526725,
            -0.015401461068540812,
            -0.015743167563527824,
            -0.01568785793706775,
            -0.015588686569780113,
            -0.01591356460377574,
            -0.015605525600910188,
            -0.015563192183524371,
            -0.01562754235416651,
            -0.015461868317425251,
            -0.015576521671563388,
            -0.0156578595854342,
            -0.015490005461126567,
            -0.015540729848295451,
            -0.015858120746165515,
            -0.015543756917119027,
            -0.015519689055532217,
            -0.015486843521147967,
            -0.015444083383679391,
            -0.015641038896888497,
            -0.015435974084585906,
            -0.01569261721521616,
            -0.015166650977730753,
            -0.015463518762588502,
            -0.015483774127066136,
            -0.015628153946995738,
            -0.01555060408487916,
            -0.015839261493831875,
            -0.015348858880251648,
            -0.015609983959794045,
            -0.015645323773473503,
            -0.015262378000468016,
            -0.015200273805111648,
            -0.014808342252671719,
            -0.014232384026795627,
            -0.012231637040525675,
            -0.011941733756661415,
            -0.014173830278962851,
            -0.01499215230420232,
            -0.015321526068449021,
            -0.015446270512044431,
            -0.015332799282670022,
            -0.015374738348275423,
            -0.01552556293681264,
            -0.01568708630204201,
            -0.015638004272431137,
            -0.015654248509556056,
            -0.015655676840245724,
            -0.015520308417081834,
            -0.015578374028205872,
            -0.015425100985914469,
            -0.01563242891058326,
            -0.015772883018106223,
            -0.01572385090813041,
            -0.01545319311618805,
            -0.015871719536185266,
            -0.015662607404589655,
            -0.015305956638604403,
            -0.015536042831838131,
            -0.015884403485059737,
            -0.01542692925706506,
            -0.015552591038495303,
            -0.015798970337957144,
            -0.015456034941226245,
            -0.015742596977204086,
            -0.015499793666601182,
            -0.015553409942239523,
            -0.01579623223990202,
            -0.015615901569277049,
            -0.015663098300248385,
            -0.0153487719707191,
            -0.015860543061047793,
            -0.015681179320067167,
            -0.015321873901784421,
            -0.015727566175162792,
            -0.01561605375111103,
            -0.015515166912972929,
            -0.0156542607486248,
            -0.015548330687731505,
            -0.01525246650055051,
            -0.015534837075322867,
            -0.01566722669303417,
            -0.015621964056044818,
            -0.015610197889059783,
            -0.01558134043365717,
            -0.015511123748123646
        ],
        "Q": [
            -0.009381108084321023,
            -0.00926592019200325,
            -0.00942732463553548,
            -0.009366765150427819,
            -0.009279562436789275,
            -0.009372493447363376,
            -0.009269226286560298,
            -0.009358207077533006,
            -0.009405162241309882,
            -0.009368305284529924,
            -0.009494820214807988,
            -0.009417221423238517,
            -0.009361521877348424,
            -0.009445157363265753,
            -0.009302947033941746,
            -0.009212431517988444,
            -0.009384026622027159,
            -0.009397055605798961,
            -0.009253954184800387,
            -0.009379491257667542,
            -0.009440014173835517,
            -0.009234027773886919,
            -0.009421428072452545,
            -0.009421729546785355,
            -0.009455267303436996,
            -0.009469994824379683,
            -0.00930211261957884,
            -0.009202000941336155,
            -0.009476923970133066,
            -0.009407098897546531,
            -0.009210902167856694,
            -0.009170127289742232,
            -0.009506039141118527,
            -0.00940155218988657,
            -0.009274700196832419,
            -0.009446040136367084,
            -0.009137389320880176,
            -0.009444729289412498,
            -0.009388560535013676,
            -0.009335703643411398,
            -0.009233863704651594,
            -0.009576238637417555,
            -0.009240540912002326,
            -0.00950556177943945,
            -0.00938138841316104,
            -0.009366058304160834,
            -0.009183968275785447,
            -0.008966377077251673,
            -0.0088727331019938,
            -0.008208198796957732,
            -0.008182922761887312,
            -0.008888798502832652,
            -0.009086719550937414,
            -0.009333204205334187,
            -0.009307251164317132,
            -0.009310868895053864,
            -0.009391164518147707,
            -0.009310317021608353,
            -0.009366062471270562,
            -0.009438051876425744,
            -0.00922360512688756,
            -0.009493234441429377,
            -0.009398687314987183,
            -0.009385410588979721,
            -0.009301099208742381,
            -0.009410867274552584,
            -0.009362314449995756,
            -0.009499081809073688,
            -0.009316199228912593,
            -0.009499938309937716,
            -0.00940448137819767,
            -0.00920194679349661,
            -0.009274735409766435,
            -0.00932805479168892,
            -0.009331255958974362,
            -0.009253831755369903,
            -0.00946621557250619,
            -0.009195644825696946,
            -0.009345745060592891,
            -0.009318812312930823,
            -0.009199156039953232,
            -0.009244916907697916,
            -0.009177288668602705,
            -0.009386110638082028,
            -0.009199949014186859,
            -0.00939464744925499,
            -0.009484143771231175,
            -0.009232240377366543,
            -0.009487563003599644,
            -0.00933388198837638,
            -0.009310999190062286,
            -0.009398685082048178,
            -0.009490595758706331,
            -0.009335698588937522,
            -0.009250615780055524,
            -0.009373797363042832,
            -0.009232897436618806,
            -0.00920672763362527,
            -0.009430830579251051,
            -0.009282378332316876
        ],