{
    "data": {
        "x": 4381396247.0,
        "I": [
            -0.014971065394580365,
            -0.01417026038840413,
            -0.014673418764024974,
            -0.014754475202411414,
            -0.014461011618375779,
            -0.013865864600986242,
            -0.013338534746319056,
            -0.013066003765910864,
            -0.012198453295975924,
            -0.011786057889461517,
            -0.011310778062790633,
            -0.012245738491415978,
            -0.012155658163130283,
            -0.013555268105119467,
            -0.013986935012042522,
            -0.013371396027505398,
            -0.014131567087024451,
            -0.015058507945388556,
            -0.014909821458160877,
            -0.0145961130335927
        ],
        "Q": [
            -0.009862529877573252,
            -0.009394770454615354,
            -0.009383287519216538,
            -0.009677361752837897,
            -0.009561730597168208,
            -0.009060839634388685,
            -0.00924388062208891,
            -0.00903358219563961,
            -0.009019461952149869,
            -0.008752156794071198,
            -0.00821838490664959,
            -0.008958248753100634,
            -0.008519603490829468,
            -0.008702116213738918,
            -0.008686507157981397,
            -0.009057908985763788,
            -0.009460517060011626,
            -0.009439419195055962,
            -0.009603971246629954,
            -0.009372804410755635
        ],
        "state": [
            0.438,
            0.459,
            0.445,
            0.459,
            0.453,
            0.485,
            0.488,
            0.529,
            0.5630000000000001,
            0.593,
            0.622,
            0.5760000000000001,
            0.5650000000000001,
            0.507,
            0.486,
            0.49,
            0.47300000000000003,
            0.439,
            0.433,
            0.446
        ]
    },
    "metadata": {
        "n_avg": 1000
    },
    "args": {
        "qubit4": {
            "qubit": {
                "IQ_input": {
                    "I": 3,
                    "Q": 4
                },
                "IQ_bias": {
                    "I": -0.018780838815789482,
                    "Q": -0.0589124177631579
                },
                "qubit_correction_matrix": [
                    1.0010660959684614,
                    0.04831948818439604,
                    0.04808810994887618,
                    1.0058827732545965
                ],
                "qubit_LO": 4500000000.0,
                "qubit_freq": 4381396247.0,
                "pi_pulse_length": 40,
                "pi_pulse_amplitude": 0.0101404,
                "saturation_length": 50000,
                "saturation_amplitude": 0.000511,
                "resonator_spec_pulse_length": 400,
                "resonator_spec_pulse_amplitude": 0.4,
                "qubit_anharmonicity": -200000000.0,
                "T1": 31000.0,
                "T2": 14700,
                "thermalization_time": 3000
            },
            "resonator": {
                "IQ_input": {
                    "I": 1,
                    "Q": 2
                },
                "IQ_bias": {
                    "I": -0.00412212171052633,
                    "Q": 0.022193667763157888
                },
                "resonator_correction_matrix": [
                    0.9702110768983646,
                    -0.06546164195563983,
                    -0.06081467354520861,
                    1.0443468070268112
                ],
                "resonator_LO": 7100000000.0,
                "resonator_freq": 6979130000.0,
                "readout_pulse_length": 1984,
                "readout_pulse_amplitude": 0.055,
                "time_of_flight": 624,
                "smearing": 0,
                "rotation_angle": 254.71075986210934,
                "threshold": -0.014421726098978332,
                "fidelity_matrix": [
                    1,
                    0,
                    0,
                    1
                ]
            },
            "else": {
                "const_length": 1000,
                "const_amplitude": 0.01
            }
        }
    }
}