{
    "data": {
        "I": null,
        "Q": null,
        "state": [
            0.08358543646947642,
            0.1298805778457351,
            0.07844153187211433,
            0.18131962381935618,
            0.1453122916378214,
            0.16588791002726988,
            0.03214639049585527,
            0.21218305140352883,
            0.09387324566420063,
            0.19160743301408034,
            0.16588791002726988,
            0.11959276865101087,
            0.1298805778457351,
            0.16588791002726988,
            0.22761476519561513,
            0.047578104287941625,
            0.18131962381935618,
            0.26876600197451195,
            0.24304647898770143,
            0.2636220973771498,
            0.16588791002726988,
            0.19160743301408034,
            0.37678799851911604,
            0.40765142610328864,
            0.5053856134531685,
            0.6597027513740314,
            0.525961231842617,
            0.4179392352980129,
            0.4127953307006508,
            0.27390990657187403,
            0.2944855249613224,
            0.2481903835850635,
            0.23790257439033935,
            0.06815372267739006,
            0.15045619623518358,
            0.18131962381935618,
            0.14016838704045936,
            0.1298805778457351,
            0.17617571922199404,
            0.18646352841671826,
            0.15045619623518358,
            0.18646352841671826,
            0.25847819277978773,
            0.15045619623518358,
            0.19160743301408034,
            0.18131962381935618,
            0.10930495945628693,
            0.15560010083254566,
            0.15560010083254566,
            0.1453122916378214
        ]
    },
    "sweep": {
        "detunings": [
            2500000.0,
            2400000.0,
            2300000.0,
            2200000.0,
            2100000.0,
            2000000.0,
            1900000.0,
            1800000.0,
            1700000.0,
            1600000.0,
            1500000.0,
            1400000.0,
            1300000.0,
            1200000.0,
            1100000.0,
            1000000.0,
            900000.0,
            800000.0,
            700000.0,
            600000.0,
            500000.0,
            400000.0,
            300000.0,
            200000.0,
            100000.0,
            0.0,
            -100000.0,
            -200000.0,
            -300000.0,
            -400000.0,
            -500000.0,
            -600000.0,
            -700000.0,
            -800000.0,
            -900000.0,
            -1000000.0,
            -1100000.0,
            -1200000.0,
            -1300000.0,
            -1400000.0,
            -1500000.0,
            -1600000.0,
            -1700000.0,
            -1800000.0,
            -1900000.0,
            -2000000.0,
            -2100000.0,
            -2200000.0,
            -2300000.0,
            -2400000.0
        ],
        "frequencies": [
            121162232.0,
            121062232.0,
            120962232.0,
            120862232.0,
            120762232.0,
            120662232.0,
            120562232.0,
            120462232.0,
            120362232.0,
            120262232.0,
            120162232.0,
            120062232.0,
            119962232.0,
            119862232.0,
            119762232.0,
            119662232.0,
            119562232.0,
            119462232.0,
            119362232.0,
            119262232.0,
            119162232.0,
            119062232.0,
            118962232.0,
            118862232.0,
            118762232.0,
            118662232.0,
            118562232.0,
            118462232.0,
            118362232.0,
            118262232.0,
            118162232.0,
            118062232.0,
            117962232.0,
            117862232.0,
            117762232.0,
            117662232.0,
            117562232.0,
            117462232.0,
            117362232.0,
            117262232.0,
            117162232.0,
            117062232.0,
            116962232.0,
            116862232.0,
            116762232.0,
            116662232.0,
            116562232.0,
            116462232.0,
            116362232.0,
            116262232.0
        ]
    },
    "metadata": {
        "n_avg": 500
    },
    "args": {
        "qubit4": {
            "qubit": {
                "IQ_input": {
                    "I": 3,
                    "Q": 4
                },
                "IQ_bias": {
                    "I": -0.018780838815789482,
                    "Q": -0.0589124177631579
                },
                "qubit_correction_matrix": [
                    1.0010660959684614,
                    0.04831948818439604,
                    0.04808810994887618,
                    1.0058827732545965
                ],
                "qubit_LO": 4500000000.0,
                "qubit_freq": 4381337768.0,
                "pi_pulse_length": 40,
                "pi_pulse_amplitude": 0.04475028,
                "saturation_length": 5000,
                "saturation_amplitude": 0.01,
                "resonator_spec_pulse_length": 200,
                "resonator_spec_pulse_amplitude": 0.4,
                "qubit_anharmonicity": -200000000.0,
                "T1": 31000.0,
                "T2": 14700,
                "thermalization_time": 220000
            },
            "resonator": {
                "IQ_input": {
                    "I": 1,
                    "Q": 2
                },
                "IQ_bias": {
                    "I": -0.00412212171052633,
                    "Q": 0.022193667763157888
                },
                "resonator_correction_matrix": [
                    0.9702110768983646,
                    -0.06546164195563983,
                    -0.06081467354520861,
                    1.0443468070268112
                ],
                "resonator_LO": 7100000000.0,
                "resonator_freq": 6979130000.0,
                "readout_pulse_length": 1984,
                "readout_pulse_amplitude": 0.055,
                "time_of_flight": 624,
                "smearing": 0,
                "rotation_angle": 273.5351812264846,
                "threshold": -0.015548877882328116,
                "fidelity_matrix": [
                    [
                        0.6054714285714285,
                        0.39452857142857145
                    ],
                    [
                        0.26645714285714284,
                        0.7335428571428572
                    ]
                ]
            },
            "else": {
                "const_length": 1000,
                "const_amplitude": 0.01
            }
        }
    }
}