{
    "qubit1": {
        "qubit": {
            "IQ_input": {
                "I": 3,
                "Q": 4
            },
            "IQ_bias": {
                "I": 0.1,
                "Q": 0.2
            },
            "qubit_correction_matrix": [
                0.1,
                0.1,
                0.1,
                0.2
            ],
            "qubit_LO": 5000000000.0,
            "qubit_IF": 150000000.0,
            "qubit_freq": 5100000000.0,
            "pi_pulse_length": 40,
            "spectroscopy_pulse_length": 1000,
            "spectroscopy_pulse_amplitude": 0.1,
            "qubit_anharmonicity": -300000000.0,
            "qubit_T1": 0.0001,
            "qubit_T2": 0.00012
        },
        "resonator": {
            "IQ_input": {
                "I": 1,
                "Q": 2
            },
            "IQ_bias": {
                "I": -0.026387746710526322,
                "Q": -0.01880139802631579
            },
            "resonator_correction_matrix": [
                0.9702110768983646,
                -0.06546164195563983,
                -0.06081467354520861,
                1.0443468070268112
            ],
            "resonator_LO": 6000000000.0,
            "resonator_IF": 52e6,
            "resonator_freq": 0,
            "readout_pulse_length": 500,
            "readout_pulse_amplitude": 0.005,
            "time_of_flight": 200
        },
        "else": {
            "const_length": 1000,
            "const_amplitude": 0.01
        }
    }
}