{
    "qubit4": {
        "qubit": {
            "IQ_input": {
                "I": 3,
                "Q": 4
            },
            "IQ_bias": {
                "I": -0.018780838815789482,
                "Q": -0.0589124177631579
            },
            "qubit_correction_matrix": [
                1.0010660959684614,
                0.04831948818439604,
                0.04808810994887618,
                1.0058827732545965
            ],
            "qubit_LO": 4500000000.0,
            "qubit_freq": 4381352768.0,
            "pi_pulse_length": 40,
            "pi_pulse_amplitude": 0.04475028,
            "saturation_length": 40000,
            "saturation_amplitude": 0.00111,
            "resonator_spec_pulse_length": 200,
            "resonator_spec_pulse_amplitude": 0.4,
            "qubit_anharmonicity": -200000000.0,
            "T1": 31000.0,
            "T2": 9570,
            "thermalization_time": 220000
        },
        "resonator": {
            "IQ_input": {
                "I": 1,
                "Q": 2
            },
            "IQ_bias": {
                "I": -0.00412212171052633,
                "Q": 0.022193667763157888
            },
            "resonator_correction_matrix": [
                0.9702110768983646,
                -0.06546164195563983,
                -0.06081467354520861,
                1.0443468070268112
            ],
            "resonator_LO": 7100000000.0,
            "resonator_freq": 6979100000.0,
            "readout_pulse_length": 2584,
            "readout_pulse_amplitude": 0.04,
            "time_of_flight": 624,
            "smearing": 124,
            "rotation_angle": 342.76836347944635,
            "threshold": -0.01567372184149654,
            "fidelity_matrix": [
                [
                    0.6439666666666667,
                    0.3560333333333333
                ],
                [
                    0.25666666666666665,
                    0.7433333333333333
                ]
            ]
        },
        "else": {
            "const_length": 1000,
            "const_amplitude": 0.01
        }
    }
}