{
    "qubit1": {
        "qubit": {
            "IQ_input": {
                "I": 3,
                "Q": 4
            },
            "IQ_bias": {
                "I": -0.03600945723684211,
                "Q": -0.1111533717105263
            },
            "qubit_correction_matrix": [
                1.0010660959684614,
                0.04831948818439604,
                0.04808810994887618,
                1.0058827732545965
            ],
            "qubit_LO": 3850000000.0,
            "qubit_freq": 3762800000.0,
            "pi_pulse_length": 80,
            "pi_pulse_amplitude": 0.6,
            "saturation_length": 30000,
            "saturation_amplitude": 0.4,
            "qubit_anharmonicity": -300000000.0,
            "qubit_T1": 0.0001,
            "qubit_T2": 0.00012,
            "thermalization_time": 40000
        },
        "resonator": {
            "IQ_input": {
                "I": 1,
                "Q": 2
            },
            "IQ_bias": {
                "I": -0.026356907894736846,
                "Q": 0.006373355263157893
            },
            "resonator_correction_matrix": [
                0.9702110768983646,
                -0.06546164195563983,
                -0.06081467354520861,
                1.0443468070268112
            ],
            "resonator_LO": 6950000000.0,
            "resonator_freq": 6874680000.0,
            "readout_pulse_length": 2000,
            "readout_pulse_amplitude": 0.051,
            "time_of_flight": 200,
            "smearing": 0
        },
        "else": {
            "const_length": 1000,
            "const_amplitude": 0.01
        }
    }
}