{
    "data": {
        "I": null,
        "Q": null,
        "state": [
            0.4590904720769098,
            0.45651851977822866,
            0.43851485368746124,
            0.45394656747954754,
            0.5053856134531685,
            0.41022337840196965,
            0.4899538996610824,
            0.40765142610328864,
            0.4590904720769098,
            0.48480999506372024,
            0.525961231842617,
            0.4822380427650391
        ]
    },
    "sweep": {
        "detunings": [
            2000000.0,
            1636364.0,
            1272728.0,
            909092.0,
            545456.0,
            181820.0,
            -181816.0,
            -545452.0,
            -909088.0,
            -1272724.0,
            -1636360.0,
            -1999996.0
        ],
        "frequencies": [
            120647232.0,
            120283596.0,
            119919960.0,
            119556324.0,
            119192688.0,
            118829052.0,
            118465416.0,
            118101780.0,
            117738144.0,
            117374508.0,
            117010872.0,
            116647236.0
        ]
    },
    "metadata": {
        "n_avg": 1000
    },
    "args": {
        "qubit4": {
            "qubit": {
                "IQ_input": {
                    "I": 3,
                    "Q": 4
                },
                "IQ_bias": {
                    "I": -0.018780838815789482,
                    "Q": -0.0589124177631579
                },
                "qubit_correction_matrix": [
                    1.0010660959684614,
                    0.04831948818439604,
                    0.04808810994887618,
                    1.0058827732545965
                ],
                "qubit_LO": 4500000000.0,
                "qubit_freq": 4381352768.0,
                "pi_pulse_length": 40,
                "pi_pulse_amplitude": 0.04475028,
                "saturation_length": 1060,
                "saturation_amplitude": 0.05,
                "resonator_spec_pulse_length": 400,
                "resonator_spec_pulse_amplitude": 0.4,
                "qubit_anharmonicity": -200000000.0,
                "T1": 31000.0,
                "T2": 14700,
                "thermalization_time": 300000
            },
            "resonator": {
                "IQ_input": {
                    "I": 1,
                    "Q": 2
                },
                "IQ_bias": {
                    "I": -0.00412212171052633,
                    "Q": 0.022193667763157888
                },
                "resonator_correction_matrix": [
                    0.9702110768983646,
                    -0.06546164195563983,
                    -0.06081467354520861,
                    1.0443468070268112
                ],
                "resonator_LO": 7100000000.0,
                "resonator_freq": 6979130000.0,
                "readout_pulse_length": 1984,
                "readout_pulse_amplitude": 0.055,
                "time_of_flight": 624,
                "smearing": 0,
                "rotation_angle": 273.5351812264846,
                "threshold": -0.015548877882328116,
                "fidelity_matrix": [
                    [
                        0.6054714285714285,
                        0.39452857142857145
                    ],
                    [
                        0.26645714285714284,
                        0.7335428571428572
                    ]
                ]
            },
            "else": {
                "const_length": 1000,
                "const_amplitude": 0.01
            }
        }
    }
}