{
    "data": {
        "I": null,
        "Q": null,
        "state": [
            0.538,
            0.545,
            0.552,
            0.54,
            0.526,
            0.523,
            0.515,
            0.509,
            0.529,
            0.5640000000000001,
            0.562,
            0.544,
            0.547,
            0.514,
            0.539,
            0.536,
            0.533,
            0.549,
            0.527,
            0.514,
            0.531,
            0.527,
            0.521,
            0.5650000000000001,
            0.56,
            0.52,
            0.5660000000000001,
            0.527,
            0.528,
            0.523,
            0.536,
            0.5630000000000001,
            0.536,
            0.542,
            0.5640000000000001,
            0.5630000000000001,
            0.547,
            0.543,
            0.51,
            0.535,
            0.531,
            0.536,
            0.512,
            0.527,
            0.538,
            0.523,
            0.534,
            0.54,
            0.529,
            0.515,
            0.443,
            0.543,
            0.502,
            0.529,
            0.535,
            0.537,
            0.548,
            0.515,
            0.534,
            0.528,
            0.525,
            0.529,
            0.547,
            0.526,
            0.521,
            0.552,
            0.53,
            0.537,
            0.533,
            0.527,
            0.525,
            0.541,
            0.519,
            0.545,
            0.515,
            0.532,
            0.514,
            0.544,
            0.507,
            0.533,
            0.541,
            0.527,
            0.533,
            0.539,
            0.551,
            0.517,
            0.551,
            0.513,
            0.547,
            0.519,
            0.558,
            0.516,
            0.531,
            0.532,
            0.561,
            0.525,
            0.528,
            0.536,
            0.535,
            0.5670000000000001
        ]
    },
    "sweep": {
        "detunings": [
            5000.0,
            4900.0,
            4800.0,
            4700.0,
            4600.0,
            4500.0,
            4400.0,
            4300.0,
            4200.0,
            4100.0,
            4000.0,
            3900.0,
            3800.0,
            3700.0,
            3600.0,
            3500.0,
            3400.0,
            3300.0,
            3200.0,
            3100.0,
            3000.0,
            2900.0,
            2800.0,
            2700.0,
            2600.0,
            2500.0,
            2400.0,
            2300.0,
            2200.0,
            2100.0,
            2000.0,
            1900.0,
            1800.0,
            1700.0,
            1600.0,
            1500.0,
            1400.0,
            1300.0,
            1200.0,
            1100.0,
            1000.0,
            900.0,
            800.0,
            700.0,
            600.0,
            500.0,
            400.0,
            300.0,
            200.0,
            100.0,
            0.0,
            -100.0,
            -200.0,
            -300.0,
            -400.0,
            -500.0,
            -600.0,
            -700.0,
            -800.0,
            -900.0,
            -1000.0,
            -1100.0,
            -1200.0,
            -1300.0,
            -1400.0,
            -1500.0,
            -1600.0,
            -1700.0,
            -1800.0,
            -1900.0,
            -2000.0,
            -2100.0,
            -2200.0,
            -2300.0,
            -2400.0,
            -2500.0,
            -2600.0,
            -2700.0,
            -2800.0,
            -2900.0,
            -3000.0,
            -3100.0,
            -3200.0,
            -3300.0,
            -3400.0,
            -3500.0,
            -3600.0,
            -3700.0,
            -3800.0,
            -3900.0,
            -4000.0,
            -4100.0,
            -4200.0,
            -4300.0,
            -4400.0,
            -4500.0,
            -4600.0,
            -4700.0,
            -4800.0,
            -4900.0
        ],
        "frequencies": [
            118652232.0,
            118652132.0,
            118652032.0,
            118651932.0,
            118651832.0,
            118651732.0,
            118651632.0,
            118651532.0,
            118651432.0,
            118651332.0,
            118651232.0,
            118651132.0,
            118651032.0,
            118650932.0,
            118650832.0,
            118650732.0,
            118650632.0,
            118650532.0,
            118650432.0,
            118650332.0,
            118650232.0,
            118650132.0,
            118650032.0,
            118649932.0,
            118649832.0,
            118649732.0,
            118649632.0,
            118649532.0,
            118649432.0,
            118649332.0,
            118649232.0,
            118649132.0,
            118649032.0,
            118648932.0,
            118648832.0,
            118648732.0,
            118648632.0,
            118648532.0,
            118648432.0,
            118648332.0,
            118648232.0,
            118648132.0,
            118648032.0,
            118647932.0,
            118647832.0,
            118647732.0,
            118647632.0,
            118647532.0,
            118647432.0,
            118647332.0,
            118647232.0,
            118647132.0,
            118647032.0,
            118646932.0,
            118646832.0,
            118646732.0,
            118646632.0,
            118646532.0,
            118646432.0,
            118646332.0,
            118646232.0,
            118646132.0,
            118646032.0,
            118645932.0,
            118645832.0,
            118645732.0,
            118645632.0,
            118645532.0,
            118645432.0,
            118645332.0,
            118645232.0,
            118645132.0,
            118645032.0,
            118644932.0,
            118644832.0,
            118644732.0,
            118644632.0,
            118644532.0,
            118644432.0,
            118644332.0,
            118644232.0,
            118644132.0,
            118644032.0,
            118643932.0,
            118643832.0,
            118643732.0,
            118643632.0,
            118643532.0,
            118643432.0,
            118643332.0,
            118643232.0,
            118643132.0,
            118643032.0,
            118642932.0,
            118642832.0,
            118642732.0,
            118642632.0,
            118642532.0,
            118642432.0,
            118642332.0
        ]
    },
    "metadata": {
        "n_avg": 1000
    },
    "args": {
        "qubit4": {
            "qubit": {
                "IQ_input": {
                    "I": 3,
                    "Q": 4
                },
                "IQ_bias": {
                    "I": -0.018780838815789482,
                    "Q": -0.0589124177631579
                },
                "qubit_correction_matrix": [
                    1.0010660959684614,
                    0.04831948818439604,
                    0.04808810994887618,
                    1.0058827732545965
                ],
                "qubit_LO": 4500000000.0,
                "qubit_freq": 4381352768.0,
                "pi_pulse_length": 40,
                "pi_pulse_amplitude": 0.04475028,
                "saturation_length": 1000,
                "saturation_amplitude": 0.0005,
                "resonator_spec_pulse_length": 400,
                "resonator_spec_pulse_amplitude": 0.4,
                "qubit_anharmonicity": -200000000.0,
                "T1": 31000.0,
                "T2": 14700,
                "thermalization_time": 300000
            },
            "resonator": {
                "IQ_input": {
                    "I": 1,
                    "Q": 2
                },