{
    "data": {
        "I": null,
        "Q": null,
        "state": [
            0.7162857019450146,
            0.7085698450489715,
            0.7317174157371009,
            0.6777064174647989
        ]
    },
    "sweep": {
        "detunings": [
            2000000.0,
            666667.0,
            -666666.0,
            -1999999.0
        ],
        "frequencies": [
            120647232.0,
            119313899.0,
            117980566.0,
            116647233.0
        ]
    },
    "metadata": {
        "n_avg": 1000
    },
    "args": {
        "qubit4": {
            "qubit": {
                "IQ_input": {
                    "I": 3,
                    "Q": 4
                },
                "IQ_bias": {
                    "I": -0.018780838815789482,
                    "Q": -0.0589124177631579
                },
                "qubit_correction_matrix": [
                    1.0010660959684614,
                    0.04831948818439604,
                    0.04808810994887618,
                    1.0058827732545965
                ],
                "qubit_LO": 4500000000.0,
                "qubit_freq": 4381352768.0,
                "pi_pulse_length": 40,
                "pi_pulse_amplitude": 0.04475028,
                "saturation_length": 1060,
                "saturation_amplitude": 0.044,
                "resonator_spec_pulse_length": 400,
                "resonator_spec_pulse_amplitude": 0.4,
                "qubit_anharmonicity": -200000000.0,
                "T1": 31000.0,
                "T2": 14700,
                "thermalization_time": 3000
            },
            "resonator": {
                "IQ_input": {
                    "I": 1,
                    "Q": 2
                },
                "IQ_bias": {
                    "I": -0.00412212171052633,
                    "Q": 0.022193667763157888
                },
                "resonator_correction_matrix": [
                    0.9702110768983646,
                    -0.06546164195563983,
                    -0.06081467354520861,
                    1.0443468070268112
                ],
                "resonator_LO": 7100000000.0,
                "resonator_freq": 6979130000.0,
                "readout_pulse_length": 1984,
                "readout_pulse_amplitude": 0.055,
                "time_of_flight": 624,
                "smearing": 0,
                "rotation_angle": 273.5351812264846,
                "threshold": -0.015548877882328116,
                "fidelity_matrix": [
                    [
                        0.6054714285714285,
                        0.39452857142857145
                    ],
                    [
                        0.26645714285714284,
                        0.7335428571428572
                    ]
                ]
            },
            "else": {
                "const_length": 1000,
                "const_amplitude": 0.01
            }
        }
    }
}