{
    "data": {
        "I": null,
        "Q": null,
        "state": [
            0.6363311235205868,
            0.6363311235205868,
            0.6621431888648107,
            0.6227458259709951,
            0.6295384747457909,
            0.6431237722953825,
            0.6526334805800967,
            0.6648602483747289,
            0.6499164210701783,
            0.6594261293548923
        ]
    },
    "sweep": {
        "detunings": [
            500000.0,
            400000.0,
            300000.0,
            200000.0,
            100000.0,
            0.0,
            -100000.0,
            -200000.0,
            -300000.0,
            -400000.0
        ],
        "frequencies": [
            119147232.0,
            119047232.0,
            118947232.0,
            118847232.0,
            118747232.0,
            118647232.0,
            118547232.0,
            118447232.0,
            118347232.0,
            118247232.0
        ]
    },
    "metadata": {
        "n_avg": 2000
    },
    "args": {
        "qubit4": {
            "qubit": {
                "IQ_input": {
                    "I": 3,
                    "Q": 4
                },
                "IQ_bias": {
                    "I": -0.018780838815789482,
                    "Q": -0.0589124177631579
                },
                "qubit_correction_matrix": [
                    1.0010660959684614,
                    0.04831948818439604,
                    0.04808810994887618,
                    1.0058827732545965
                ],
                "qubit_LO": 4500000000.0,
                "qubit_freq": 4381352768.0,
                "pi_pulse_length": 40,
                "pi_pulse_amplitude": 0.04475028,
                "saturation_length": 1000,
                "saturation_amplitude": 0.0005,
                "resonator_spec_pulse_length": 400,
                "resonator_spec_pulse_amplitude": 0.4,
                "qubit_anharmonicity": -200000000.0,
                "T1": 31000.0,
                "T2": 14700,
                "thermalization_time": 300
            },
            "resonator": {
                "IQ_input": {
                    "I": 1,
                    "Q": 2
                },
                "IQ_bias": {
                    "I": -0.00412212171052633,
                    "Q": 0.022193667763157888
                },
                "resonator_correction_matrix": [
                    0.9702110768983646,
                    -0.06546164195563983,
                    -0.06081467354520861,
                    1.0443468070268112
                ],
                "resonator_LO": 7100000000.0,
                "resonator_freq": 6979130000.0,
                "readout_pulse_length": 1984,
                "readout_pulse_amplitude": 0.055,
                "time_of_flight": 624,
                "smearing": 0,
                "rotation_angle": 267.25534656052236,
                "threshold": -0.014733278868821403,
                "fidelity_matrix": [
                    [
                        0.5688428571428571,
                        0.43115714285714285
                    ],
                    [
                        0.26277142857142854,
                        0.7372285714285715
                    ]
                ]
            },
            "else": {
                "const_length": 1000,
                "const_amplitude": 0.01
            }
        }
    }
}