{
    "qubit4": {
        "qubit": {
            "IQ_input": {
                "I": 3,
                "Q": 4
            },
            "IQ_bias": {
                "I": -0.1493095079955877,
                "Q": -0.06386819438452568
            },
            "qubit_correction_matrix": [
                0.8800266253640358,
                0.2639531679783126,
                0.17398346591190603,
                1.3351028182627156
            ],
            "qubit_LO": 4050000000.0,
            "qubit_freq": 3911501563,
            "pi_pulse_length": 40,
            "pi_pulse_amplitude": 0.03558376,
            "saturation_length": 40000,
            "saturation_amplitude": 0.12,
            "qubit_anharmonicity": -200000000.0,
            "T1": 23000.0,
            "T2": 8430,
            "thermalization_time": 100000
        },
        "resonator": {
            "IQ_input": {
                "I": 1,
                "Q": 2
            },
            "IQ_bias": {
                "I": -0.016666666666666663,
                "Q": 0.20000000000000004
            },
            "resonator_correction_matrix": [
                0.8532239045090055,
                0.15272074069021777,
                0.10231462384262176,
                1.2735714776379121
            ],
            "resonator_LO": 6920000000.0,
            "resonator_freq": 6874450000.0,
            "readout_pulse_length": 3000,
            "readout_pulse_amplitude": 0.1,
            "time_of_flight": 308,
            "smearing": 10,
            "rotation_angle": 878.1161630139558,
            "threshold": -0.009474758685071628,
            "fidelity_matrix": [
                [
                    0.45256,
                    0.54744
                ],
                [
                    0.26556,
                    0.73444
                ]
            ]
        },
        "else": {
            "const_length": 1000,
            "const_amplitude": 0.01
        }
    }
}