{
    "data": {
        "I": null,
        "Q": null,
        "states": [
            [
                [
                    0.22689542729129603,
                    0.4358379060420373
                ],
                [
                    -0.13875391052250108,
                    0.07018856822824016
                ]
            ],
            [
                [
                    0.5925447651050931,
                    -0.13875391052250108
                ],
                [
                    0.3313666666666667,
                    -0.03428267114713046
                ]
            ]
        ]
    },
    "sweep": {
        "detunings": [
            1000000.0,
            0.0
        ],
        "frequencies": [
            119632232.0,
            118632232.0
        ],
        "lengths": [
            1000,
            11000
        ],
        "amps": [
            0.0,
            0.1
        ]
    },
    "metadata": {
        "qubit": "qubit4",
        "n_avg": 50,
        "N": 2,
        "span": 2000000,
        "state_discrimination": true,
        "pulse_type": "lorentzian",
        "cutoff": 0.01,
        "eco": true,
        "n": 0.5,
        "pulse_length": 