{
    "data": {
        "I": null,
        "Q": null,
        "states": [
            [
                [
                    0.12242418791592535,
                    0.27913104697898133
                ],
                [
                    -0.03428267114713046,
                    0.07018856822824016
                ]
            ],
            [
                [
                    0.7492516241681494,
                    -0.03428267114713046
                ],
                [
                    0.3836022863543521,
                    0.01795294854055479
                ]
            ]
        ]
    },
    "sweep": {
        "detunings": [
            1000000.0,
            0.0
        ],
        "frequencies": [
            119632232.0,
            118632232.0
        ],
        "lengths": [
            1000,
            11000
        ],
        "amps": [
            0.0,
            0.1
        ]
    },
    "metadata": {
        "qubit": "qubit4",
        "n_avg": 50,
        "N": 2,
        "span": 2000000,
        "state_discrimination": true,
        "pulse_type": "lorentzian",
        "cutoff": 0.01,
        "eco": true,
        "n": 0.5,
        "pulse_length": 